product_id,title,price,image_url,url
1,Blue Mid Rise Bootcut Pants,₹849,https://assets.newme.asia/wp-content/uploads/2026/04/21130251db818835/NM-PRC-345-TRS-26-MAR-32381-BLUE(0).webp,https://newme.asia/product/blue-mid-rise-bootcut-pants
2,Off White Striped Maxi Dress,₹999,https://assets.newme.asia/wp-content/uploads/2026/03/1715592685b4dd97/NM-PRC-178-DRS-26-MAR-31596-OFFWHITE(1).webp,https://newme.asia/product/off-white-striped-maxi-dress
3,White Polka Dot One Shoulder Top,₹549,https://assets.newme.asia/wp-content/uploads/2026/03/1814131481d17570/NM-PRC-391-BLS-26-MAR-31666-WHITE(1).webp,https://newme.asia/product/white-polka-dot-one-shoulder-top
4,Red Draped Detail Mini Dress,₹749,https://assets.newme.asia/wp-content/uploads/2025/05/171834445a6b7ead/NM-IN-56-DRS-24-DEC-13851-DARKBROWN(1)_c.webp,https://newme.asia/product/red-draped-detail-mini-dress
5,Black Floral V-Neck Mini Dress,₹1149,https://assets.newme.asia/wp-content/uploads/2025/12/20141302005069d8/NM-PRC-385-DRS-25-DEC-28872-BLACK(1).webp,https://newme.asia/product/black-floral-v-neck-mini-dress-4
6,Maroon One Shoulder Ruched Maxi Dress,₹729,https://assets.newme.asia/wp-content/uploads/2026/01/14125603a1b4688e/NM-IN-56-DRS-25-JUL-20853-MAROON(1).webp,https://newme.asia/product/maroon-one-shoulder-ruched-maxi-dress
7,Maroon Lace Bodycon Maxi Dress,₹1799,https://assets.newme.asia/wp-content/uploads/2025/11/13165048d0dd9835/NM-PRC-119-DRS-25-NOV-26550-MAROON(1).webp,https://newme.asia/product/maroon-lace-bodycon-maxi-dress
8,Black Pu Slit Bodycon Skirt,₹759,https://assets.newme.asia/wp-content/uploads/2025/11/14143607fdad3cdf/NM-PRC-356-SKT-25-NOV-26617-BLACK(1).webp,https://newme.asia/product/black-pu-slit-bodycon-skirt
9,Yellow Floral A-Line Maxi Dress,₹1099,https://assets.newme.asia/wp-content/uploads/2026/04/021348591258e001/NM-PRC-414-DRS-26-APR-32495-YELLOW(1).webp,https://newme.asia/product/yellow-floral-a-line-maxi-dress
10,Brown Solid V-Neck Top,₹849,https://assets.newme.asia/wp-content/uploads/2026/03/161047038e85156d/NM-PRC-312-BLS-26-JAN-30706-BROWN(1).webp,https://newme.asia/product/brown-solid-v-neck-top-4
11,Maroon Embellished Off Shoulder Dress,₹1529,https://assets.newme.asia/wp-content/uploads/2025/07/21171726a657059d/NM-IN-56-DRS-24-SEP-9134-MAROON(1).webp,https://newme.asia/product/maroon-embellished-off-shoulder-dress-2
12,Black Solid One Shoulder Top,₹429,https://assets.newme.asia/wp-content/uploads/2026/01/141248540d8de836/NM-IN-56-BLS-25-OCT-25336-BLACK(1).webp,https://newme.asia/product/black-solid-one-shoulder-top-11
13,Maroon Solid Slit Bodycon Midi Dress,₹639,https://assets.newme.asia/wp-content/uploads/2026/05/09102408177a07d0/NM-IN-56-DRS-24-APR-5058-MAROON(0).webp,https://newme.asia/product/maroon-solid-slit-bodycon-midi-dress
14,Red Solid Fitted Maxi Dress,₹999,https://assets.newme.asia/wp-content/uploads/2026/01/291024165d8aab25/NM-IN-56-DRS-24-APR-4656-RED(0).webp,https://newme.asia/product/red-solid-fitted-maxi-dress
15,Yellow Floral A-Line Mini Dress,₹949,https://assets.newme.asia/wp-content/uploads/2025/11/131655005644e8cd/NM-PRC-385-DRS-25-NOV-26608-YELLOW(1).webp,https://newme.asia/product/yellow-floral-a-line-mini-dress
16,Red One Shoulder Ruched Dress,₹569,https://assets.newme.asia/wp-content/uploads/2026/05/09102331e3473fe4/NM-IN-56-DRS-24-APR-5058-RED(0).webp,https://newme.asia/product/red-one-shoulder-ruched-dress
17,Dark Grey Mid Rise Wide Led Jeans,₹999,https://assets.newme.asia/wp-content/uploads/2025/07/23203052e771e235/NM-IN-56-JNS-25-MAR-12870-DARKGREY_(1).webp,https://newme.asia/product/dark-grey-mid-rise-wide-led-jeans
18,Beige Sweetheart Mermaid Maxi Dress,₹2449,https://assets.newme.asia/wp-content/uploads/2026/05/051023160e2d23d0/NM-PRC-193-DRS-25-JUN-19585-BEIGE(1).webp,https://newme.asia/product/beige-sweetheart-mermaid-maxi-dress
19,Brown High-Rise Bootcut Trousers,₹769,https://assets.newme.asia/wp-content/uploads/2026/01/02152853c098b756/NM-PRC-345-TRS-26-JAN-29630-BROWN(1).webp,https://newme.asia/product/brown-high-rise-bootcut-trousers
20,White Solid Halter Neck Top,₹499,https://assets.newme.asia/wp-content/uploads/2026/01/14124842c88ef024/NM-IN-56-BLS-25-AUG-23572-WHITE(1).webp,https://newme.asia/product/white-solid-halter-neck-top-29
21,Maroon Ribbed Mock Neck Mini Dress,₹999,https://assets.newme.asia/wp-content/uploads/2025/05/281153347feec5a0/NM-PRC-3-DRS-24-DEC-13637-MAROON(1).webp,https://newme.asia/product/maroon-ribbed-mock-neck-mini-dress
22,Off White Solid Halter Neck Mini Dress,₹1189,https://assets.newme.asia/wp-content/uploads/2026/01/221106333ae599da/NM-IN-56-DRS-25-DEC-27775-OFFWHITE(1).webp,https://newme.asia/product/off-white-solid-halter-neck-mini-dress-2
23,Zipper Up Denim Skirt With Flap Pockets,₹499,https://assets.newme.asia/wp-content/uploads/2025/07/22155643ac71ab1a/NM-IN-56-SKT-24-JAN-283-BLACK_(1).webp,https://newme.asia/product/zipper-up-denim-skirt-with-flap-pockets
24,Beige Ruched One-Shoulder Mini Dress,₹1039,https://assets.newme.asia/wp-content/uploads/2026/05/2209393638926705/NM-PRC-374-DRS-25-NOV-26106-BEIGE(1).webp,https://newme.asia/product/beige-ruched-one-shoulder-mini-dress
25,Brown Abstract Cowl Neck Midi Dress,₹1099,https://assets.newme.asia/wp-content/uploads/2026/04/041154163c1b35a7/NM-PRC-425-DRS-26-APR-32606-BROWN(1).webp,https://newme.asia/product/brown-abstract-cowl-neck-midi-dress
26,Black High-Rise Striped Bootcut Pants,₹899,https://assets.newme.asia/wp-content/uploads/2026/03/25141239914de0e5/NM-PRC-428-TRS-26-MAR-32005-BLACK(1).webp,https://newme.asia/product/black-high-rise-striped-bootcut-pants-4
27,Rust Sweetheart Ruffle Mini Dress,₹1439,https://assets.newme.asia/wp-content/uploads/2026/04/28090302ab5cacbf/NM-PRC-425-DRS-26-FEB-31161-RUST(1).webp,https://newme.asia/product/rust-sweetheart-ruffle-mini-dress
28,Spiderman Inspired Oversized Zipper Hoodie,₹1549,https://assets.newme.asia/wp-content/uploads/2025/11/13121802eeb23ed5/NM-PRC-35-SWT-23-OCT-356-BLACK(1).webp,https://newme.asia/product/spiderman-inspired-casual-zipper-hoodie-2
29,Wine Sequin Mini Corset Dress,₹1599,https://assets.newme.asia/wp-content/uploads/2026/03/031308395ef16c3f/NM-PRC-119-DRS-26-JAN-30572-WINE(1).webp,https://newme.asia/product/wine-sequin-mini-corset-dress
30,Yellow Halter Backless Maxi Dress,₹1399,https://assets.newme.asia/wp-content/uploads/2026/01/05132554cc87520c/NM-PRC-25-DRS-25-DEC-29419-YELLOW(1).webp,https://newme.asia/product/yellow-halter-backless-maxi-dress
31,Light Pink Lace Sheer Cutout Neck Top,₹389,https://assets.newme.asia/wp-content/uploads/2025/12/08120041cdbe0fe1/NM-IN-56-BLS-25-NOV-21951-PINK(1).webp,https://newme.asia/product/light-pink-lace-sheer-cutout-neck-top
32,Black Contrast Printed Half Zipper Top,₹769,https://assets.newme.asia/wp-content/uploads/2024/03/11184021a631b70b/NM-PRC-11-BLS-24-MAR-3649-BLACK_(1).webp,https://newme.asia/product/black-contrast-printed-halfzipper-top
33,Maroon Solid High Neck Tshirt,₹399,https://assets.newme.asia/wp-content/uploads/2025/06/01130919122e751d/NM-IN-50-TSH-23-JUN-132-MAROON_(1).webp,https://newme.asia/product/maroon-solid-high-neck-tshirt
34,Teal Lace Sheer Cutout Neck Top,₹499,https://assets.newme.asia/wp-content/uploads/2025/12/08120044b65604ce/NM-IN-56-BLS-25-NOV-21950-TEAL(1).webp,https://newme.asia/product/teal-lace-sheer-cutout-neck-top
35,Black Solid Lapel Collar Shirt,₹969,https://assets.newme.asia/wp-content/uploads/2026/01/10133944aac7b8fb/NM-PRC-415-BLS-26-JAN-30284-BLACK(1).webp,https://newme.asia/product/black-solid-lapel-collar-shirt
36,Light Blue Fitted Crew Neck T-Shirt,₹549,https://assets.newme.asia/wp-content/uploads/2025/10/061437374bffbb69/NM-PRC-370-TSH-25-OCT-25237-LIGHTBLUE(1).webp,https://newme.asia/product/light-blue-fitted-crew-neck-t-shirt-2
37,Lavender Fitted Crew Neck T-Shirt,₹589,https://assets.newme.asia/wp-content/uploads/2025/10/06143736c350ed2c/NM-PRC-370-TSH-25-OCT-25237-LAVENDER(1).webp,https://newme.asia/product/lavender-fitted-crew-neck-t-shirt
38,Light Green Fitted Crew Neck T-Shirt,₹549,https://assets.newme.asia/wp-content/uploads/2025/10/0614373753dab2bd/NM-PRC-370-TSH-25-OCT-25237-LIGHTGREEN(1).webp,https://newme.asia/product/light-green-fitted-crew-neck-t-shirt-2
39,Light Blue Embroidered Striped Top,₹649,https://assets.newme.asia/wp-content/uploads/2026/03/17160751c81ad130/NM-PRC-391-BLS-26-MAR-31592-LIGHTBLUE(1).webp,https://newme.asia/product/light-blue-embroidered-striped-top
40,White Floral Built-In Strap Crop T-Shirt,₹599,https://assets.newme.asia/wp-content/uploads/2025/08/2807313581f9f88c/NM-IN-56-TSH-25-AUG-21348-WHITE_(1).webp,https://newme.asia/product/white-floral-built-in-strap-crop-t-shirt
41,Light Blue Solid Crew Neck Top,₹679,https://assets.newme.asia/wp-content/uploads/2025/08/1611124084bf6bf6/NM-PRC-343-BLS-25-AUG-23947-LIGHTBLUE(1).webp,https://newme.asia/product/light-blue-solid-crew-neck-top
42,Off White Lace Top With Tie Up Detail,₹539,https://assets.newme.asia/wp-content/uploads/2025/01/15201238aa4ec5d1/NM-IN-56-BLS-25-JAN-12375-OFFWHITE(1).webp,https://newme.asia/product/off-white-lace-top-with-tie-up-detail
43,White Typography Crew Neck T-Shirt,₹389,https://assets.newme.asia/wp-content/uploads/2026/01/03110543465d4167/NM-IN-56-TSH-25-DEC-22243-WHITE(1).webp,https://newme.asia/product/white-typography-crew-neck-t-shirt-4
44,Dark Grey Graphic Acid Wash T-Shirt,₹849,https://assets.newme.asia/wp-content/uploads/2026/03/23152119f19752f5/NM-PRC-35-TSH-26-MAR-31876-DARKGREY(1).webp,https://newme.asia/product/dark-grey-graphic-acid-wash-t-shirt
45,Red Boat Neck Lace Top,₹569,https://assets.newme.asia/wp-content/uploads/2026/02/23080701e84a50a0/NM-IN-56-BLS-25-DEC-22273-PURPLE(0).webp,https://newme.asia/product/purple-lace-semi-sheer-top
46,Black Typography Crew Neck T-Shirt,₹409,https://assets.newme.asia/wp-content/uploads/2026/01/03111614fe4ad585/NM-IN-56-TSH-25-DEC-22287-BLACK(1).webp,https://newme.asia/product/black-typography-crew-neck-t-shirt-7
47,Black Typography Crew Neck T-Shirt,₹589,https://assets.newme.asia/wp-content/uploads/2026/01/0311064851f658ef/NM-IN-56-TSH-25-DEC-22250-BLACK(1).webp,https://newme.asia/product/black-typography-crew-neck-t-shirt-2
48,Light Blue Crew Neck Tshirt,₹729,https://assets.newme.asia/wp-content/uploads/2025/08/24111306d7d0d918/NM-PRC-343-TSH-25-AUG-23949-LIGHTBLUE(1).webp,https://newme.asia/product/light-blue-crew-neck-tshirt
49,Pink Ruched High Neck Top,₹529,https://assets.newme.asia/wp-content/uploads/2026/02/17053013441a74f3/NM-IN-56-BLS-25-DEC-22396-PINK(0).webp,https://newme.asia/product/pink-ruched-high-neck-top
50,White Typography Crew Neck T-Shirt,₹619,https://assets.newme.asia/wp-content/uploads/2026/01/031105340a3dcd9b/NM-IN-56-TSH-25-DEC-22241-WHITE(1).webp,https://newme.asia/product/white-typography-crew-neck-t-shirt-7
51,White Solid Crew Neck Tshirt,₹729,https://assets.newme.asia/wp-content/uploads/2025/08/16111604dd6e0813/NM-PRC-343-TSH-25-AUG-23949-WHITE(1).webp,https://newme.asia/product/white-solid-crew-neck-tshirt-7
52,White Solid Lapel Collar Top,₹599,https://assets.newme.asia/wp-content/uploads/2026/02/1407540330c8f0a0/NM-IN-56-BLS-25-DEC-22361-WHITE(0).webp,https://newme.asia/product/white-solid-lapel-collar-top
53,Black Graphic Printed T-Shirt,₹409,https://assets.newme.asia/wp-content/uploads/2026/01/12081220f3a6fdfa/NM-IN-56-TSH-26-JAN-22431-BLACK(1).webp,https://newme.asia/product/black-graphic-printed-t-shirt
54,Light Pink Solid Crew Neck Tshirt,₹679,https://assets.newme.asia/wp-content/uploads/2025/08/161112342a0f0fc6/NM-PRC-343-TSH-25-AUG-23946-LIGHTPINK(1).webp,https://newme.asia/product/light-pink-solid-crew-neck-tshirt
55,Bustier Corset Top,₹499,https://assets.newme.asia/wp-content/uploads/2025/07/23185449302fea9a/NM-PRC-11-BLS-23-JUN-828-WHITE_(1).webp,https://newme.asia/product/bustier-corset-top-3
56,Black Graphic Print Crew Neck T-Shirt,₹639,https://assets.newme.asia/wp-content/uploads/2026/01/201228335f0bb277/NM-IN-56-TSH-26-JAN-22457-BLACK(1).webp,https://newme.asia/product/black-graphic-print-crew-neck-t-shirt-7
57,Black Floral Buttoned Shirt,₹769,https://assets.newme.asia/wp-content/uploads/2026/03/181413133de41952/NM-PRC-437-SHT-26-MAR-31675-BLACK(1).webp,https://newme.asia/product/black-floral-buttoned-shirt
58,Blue Striped Button Down Shirt,₹1189,https://assets.newme.asia/wp-content/uploads/2025/09/0513553841733467/NM-PRC-144-SHT-25-SEP-24560-BLUE(1).webp,https://newme.asia/product/blue-striped-button-down-shirt-4
59,Black Sequined V-Neck Top,₹899,https://assets.newme.asia/wp-content/uploads/2026/03/28141136393a49bf/NM-PRC-443-BLS-26-MAR-32218-BLACK(1).webp,https://newme.asia/product/black-sequined-v-neck-top-2
60,Dark Grey Graphic Printed T-Shirt,₹849,https://assets.newme.asia/wp-content/uploads/2026/03/23152123ec393c92/NM-PRC-35-TSH-26-MAR-31877-DARKGREY(1).webp,https://newme.asia/product/dark-grey-graphic-printed-t-shirt
61,Light Grey Bootcut Fit Trackpant,₹679,https://assets.newme.asia/wp-content/uploads/2025/07/301340068f619116/NM-PRC-25-TRS-25-MAR-14929-LIGHTGREY(1).webp,https://newme.asia/product/light-grey-bootcut-fit-trackpant
62,Light Grey Solid Relaxed Trackpants,₹999,https://assets.newme.asia/wp-content/uploads/2025/05/18091420c759d692/NM-PRC-176-TRS-25-MAR-15385-LIGHTGREY(1).webp,https://newme.asia/product/light-grey-solid-relaxed-trackpants
63,Beige Regular Sweatpants,₹849,https://assets.newme.asia/wp-content/uploads/2025/07/232042067dada216/NM-IN-56-TRS-25-APR-12506-BEIGE(1).webp,https://newme.asia/product/beige-regular-sweatpants
64,Black Colour-Blocked Mid-Rise Pants,₹1539,https://assets.newme.asia/wp-content/uploads/2026/03/1110541658eb6a64/NM-PRC-427-TRS-26-FEB-31189-BLACK(1).webp,https://newme.asia/product/black-colour-blocked-mid-rise-pants
65,Black Mid Rise Striped Pants,₹999,https://assets.newme.asia/wp-content/uploads/2026/03/181344162e35692d/NM-PRC-345-TRS-26-MAR-31671-BLACK(1).webp,https://newme.asia/product/black-mid-rise-striped-pants
66,Brown Regular Sweatpants,₹899,https://assets.newme.asia/wp-content/uploads/2025/05/18093635ea004d69/NM-IN-56-TRS-25-APR-12506-BROWN(1).webp,https://newme.asia/product/brown-regular-sweatpants
67,Black High-Rise Colour-Blocked Pants,₹1199,https://assets.newme.asia/wp-content/uploads/2026/05/15121535040d923b/NM-PRC-345-TRS-26-MAY-33575-BLACK(1).webp,https://newme.asia/product/black-high-rise-colour-blocked-pants
68,Light Grey Mid Rise Striped Pants,₹899,https://assets.newme.asia/wp-content/uploads/2026/01/141254251c64e49a/NM-IN-56-TRS-25-APR-17284-LIGHTGREY(1).webp,https://newme.asia/product/light-grey-mid-rise-striped-pants
69,Black Solid Relaxed Track Pants,₹1539,https://assets.newme.asia/wp-content/uploads/2025/07/232319070ee61dd4/NM-IN-56-TRS-24-NOV-11604-BLACK(1).webp,https://newme.asia/product/black-solid-relaxed-track-pants-11
70,Khaki Solid Mid Rise Trackpants,₹829,https://assets.newme.asia/wp-content/uploads/2025/08/22070556e7e91725/NM-IN-56-TRS-24-AUG-8481-KHAKI_(1).webp,https://newme.asia/product/khaki-solid-mid-rise-trackpants
71,Light Grey Mid Rise Trackpants,₹1099,https://assets.newme.asia/wp-content/uploads/2025/09/1913253597ec0ed9/NM-PRC-12-TRS-25-SEP-24911-LIGHTGREY(1).webp,https://newme.asia/product/light-grey-mid-rise-trackpants
72,Dark Blue Mid Rise Tie-Up Trackpants,₹949,https://assets.newme.asia/wp-content/uploads/2025/10/11122247aab73786/NM-PRC-313-TRS-25-OCT-25419-DARKBLUE(1).webp,https://newme.asia/product/dark-blue-mid-rise-tie-up-trackpants
73,Mint Green Regular Sweatpants,₹679,https://assets.newme.asia/wp-content/uploads/2025/07/2320423605770c44/NM-IN-56-TRS-25-APR-12506-MINTGREEN(1).webp,https://newme.asia/product/mint-green-regular-sweatpants
74,Brown Striped Drawstring Trousers,₹1099,https://assets.newme.asia/wp-content/uploads/2026/05/22082306b55f116d/NM-PRC-380-TRS-26-MAY-33660-BROWN(1).webp,https://newme.asia/product/brown-striped-drawstring-trousers
75,Red Striped Mid-Rise Pants,₹1099,https://assets.newme.asia/wp-content/uploads/2026/05/22082422c25338ac/NM-PRC-345-TRS-26-MAY-33799-RED(1).webp,https://newme.asia/product/red-striped-mid-rise-pants
76,Grey High Rise Monochrome Leggings,₹999,https://assets.newme.asia/wp-content/uploads/2026/05/2208245607766121/NM-PRC-344-TRS-26-MAY-33843-GREY(1).webp,https://newme.asia/product/grey-high-rise-monochrome-leggings
77,Black High-Rise Geometric Leggings,₹999,https://assets.newme.asia/wp-content/uploads/2026/05/22082416c042e1d5/NM-PRC-438-TRS-26-MAY-33771-BLACK(1).webp,https://newme.asia/product/black-high-rise-geometric-leggings-2
78,Blue Striped Mid-Rise Pants,₹1099,https://assets.newme.asia/wp-content/uploads/2026/05/22082428ff175fcd/NM-PRC-345-TRS-26-MAY-33814-BLUE(1).webp,https://newme.asia/product/blue-striped-mid-rise-pants-7
79,Light Pink Leopard Print High Rise Leggings,₹999,https://assets.newme.asia/wp-content/uploads/2026/05/220822349116ca82/NM-PRC-438-TRS-26-MAY-33625-LIGHTPINK(1).webp,https://newme.asia/product/light-pink-leopard-print-high-rise-leggings
80,Black Striped Mid Rise Trousers,₹1299,https://assets.newme.asia/wp-content/uploads/2026/05/2208250346bf5b08/NM-PRC-427-TRS-26-MAY-33848-BLACK(1).webp,https://newme.asia/product/black-striped-mid-rise-trousers-4
81,Light Yellow Regular Sweatpants,₹549,https://assets.newme.asia/wp-content/uploads/2025/07/23204220cdde36c9/NM-IN-56-TRS-25-APR-12506-LIGHTYELLOW(1).webp,https://newme.asia/product/light-yellow-regular-sweatpants
82,White Loose Fit Drawstring Pants,₹1029,https://assets.newme.asia/wp-content/uploads/2025/08/250927013d6154ab/NM-IN-56-TRS-25-APR-18118-WHITE(1).webp,https://newme.asia/product/white-loose-fit-drawstring-pants-4
83,Black High-Rise Bootcut Pants,₹999,https://assets.newme.asia/wp-content/uploads/2025/12/03125836d93e06ab/NM-PRC-345-TRS-25-DEC-27738-BLACK(1).webp,https://newme.asia/product/black-high-rise-bootcut-pants-11
84,Light Grey Stripes High Rise Trackpants,₹1179,https://assets.newme.asia/wp-content/uploads/2025/05/1809284889898bf6/NM-PRC-83-TRS-25-MAR-15511-LIGHTGREY(1).webp,https://newme.asia/product/light-grey-stripes-high-rise-trackpants
85,Light Grey High Rise Bootcut Trackpants,₹649,https://assets.newme.asia/wp-content/uploads/2025/09/19132202b2cf6cd2/NM-PRC-345-TRS-25-SEP-24894-LIGHTGREY(1).webp,https://newme.asia/product/light-grey-high-rise-bootcut-trackpants
86,Maroon Highrise Trackpants,₹649,https://assets.newme.asia/wp-content/uploads/2025/08/05125730c56a6f1d/NM-IN-56-TRS-25-JUL-21116-MAROON(1).webp,https://newme.asia/product/maroon-highrise-trackpants
87,Beige Stripes High Rise Trackpants,₹869,https://assets.newme.asia/wp-content/uploads/2025/10/24070146d2b563f3/NM-IN-56-TRS-25-APR-17284-BEIGE(1).webp,https://newme.asia/product/beige-stripes-high-rise-trackpants-2
88,Lightgrey Highrise Trackpants,₹649,https://assets.newme.asia/wp-content/uploads/2025/08/0711165962dceb44/NM-IN-56-TRS-25-JUL-21116-LIGHTGREY(1).webp,https://newme.asia/product/lightgrey-highrise-trackpants-2
89,Black Mid Rise Tie-Up Trackpants,₹969,https://assets.newme.asia/wp-content/uploads/2025/11/17063950724e7deb/NM-PRC-313-TRS-25-OCT-25415-BLACK(1).webp,https://newme.asia/product/black-mid-rise-tie-up-trackpants
90,Blue Denim Jumpsuit,₹1399,https://assets.newme.asia/wp-content/uploads/2025/07/22124007fb45b6c6/NM-IN-56-JMP-25-MAY-16594-BLUE_(1).webp,https://newme.asia/product/blue-denim-jumpsuit
91,Red Solid Cut Out Detail Jumpsuit,₹749,https://assets.newme.asia/wp-content/uploads/2025/07/2323140547df451f/NM-IN-56-JMP-24-DEC-12228-RED(1).webp,https://newme.asia/product/red-solid-cut-out-detail-jumpsuit
92,Black Solid Off Shoulder Jumpsuit,₹639,https://assets.newme.asia/wp-content/uploads/2025/05/28121109851c46bf/NM-IN-56-JMP-24-DEC-12230-BLACK(1).webp,https://newme.asia/product/black-solid-off-shoulder-jumpsuit
93,Light Blue Striped Tube Jumpsuit,₹1199,https://assets.newme.asia/wp-content/uploads/2026/02/26143347858298e9/NM-PRC-159-JMP-26-JAN-30538-LIGHTBLUE(1).webp,https://newme.asia/product/light-blue-striped-tube-jumpsuit
94,Off White Abstract Tie-Up Jumpsuit,₹1299,https://assets.newme.asia/wp-content/uploads/2026/03/121359401beb1ba0/NM-PRC-159-JMP-26-FEB-31309-OFFWHITE(1).webp,https://newme.asia/product/off-white-abstract-tie-up-jumpsuit
95,Black Solid Zipper Neck Jumpsuit,₹1349,https://assets.newme.asia/wp-content/uploads/2026/01/031322212895dc00/NM-PRC-344-JMP-26-JAN-29756-BLACK(1).webp,https://newme.asia/product/black-solid-zipper-neck-jumpsuit
96,Black Abstract Tie-Up Jumpsuit,₹1299,https://assets.newme.asia/wp-content/uploads/2026/03/12135942d9b5fcaa/NM-PRC-159-JMP-26-FEB-31308-BLACK(1).webp,https://newme.asia/product/black-abstract-tie-up-jumpsuit
97,Navy Blue Solid Buttoned Jumpsuit,₹1159,https://assets.newme.asia/wp-content/uploads/2026/03/0211142214ee0020/NM-IN-56-JMP-25-NOV-26033-NAVY(0).webp,https://newme.asia/product/navy-blue-solid-buttoned-jumpsuit
98,Light Blue Striped Cut-Out Jumpsuit,₹1499,https://assets.newme.asia/wp-content/uploads/2026/03/1310523404c0d62b/NM-PRC-12-JMP-26-MAR-31555-LIGHTBLUE(1).webp,https://newme.asia/product/light-blue-striped-cut-out-jumpsuit
99,Red Solid Balloon Sleeve Jumpsuit,₹1999,https://assets.newme.asia/wp-content/uploads/2026/04/18090811067980d5/NM-IN-56-JMP-25-DEC-29162-RED(0).webp,https://newme.asia/product/red-solid-balloon-sleeve-jumpsuit
100,Dark Brown Solid Square Neck Jumpsuit,₹1399,https://assets.newme.asia/wp-content/uploads/2026/05/091730548bf29566/NM-PRC-395-JMP-26-APR-33096-DARKBROWN(1).webp,https://newme.asia/product/dark-brown-solid-square-neck-jumpsuit
101,Black Embellished Spaghetti Straps Jumpsuit,₹699,https://assets.newme.asia/wp-content/uploads/2025/09/151018143652f4f2/NM-IN-56-JMP-25-APR-17048-BLACK(1).webp,https://newme.asia/product/black-embellished-spaghetti-straps-jumpsuit-2
102,Off White Solid Buttoned Jumpsuit,₹1479,https://assets.newme.asia/wp-content/uploads/2026/03/02111421c023aa4d/NM-IN-56-JMP-26-JAN-29816-OFFWHITE(0).webp,https://newme.asia/product/off-white-solid-buttoned-jumpsuit
103,Black Solid High Neck Jumpsuit,₹1199,https://assets.newme.asia/wp-content/uploads/2026/03/0610220229e8a153/NM-PRC-194-JMP-26-FEB-30896-BLACK(1).webp,https://newme.asia/product/black-solid-high-neck-jumpsuit-2
104,Black Solid Glitter Jumpsuit,₹1029,https://assets.newme.asia/wp-content/uploads/2026/02/1011370443deda3a/NM-IN-56-JMP-25-NOV-26622-BLACK(0).webp,https://newme.asia/product/black-solid-glitter-jumpsuit
105,Black Solid High Rise Jumpsuit,₹499,https://assets.newme.asia/wp-content/uploads/2026/01/13094002453f3cc9/NM-IN-56-JMP-25-AUG-24343-BLACK(1).webp,https://newme.asia/product/black-solid-high-rise-jumpsuit
106,Black Fitted Cutout Jumpsuit,₹1069,https://assets.newme.asia/wp-content/uploads/2025/08/13075146b3f01a86/NM-PRC-344-JMP-25-AUG-23736-BLACK(1).webp,https://newme.asia/product/black-fitted-cutout-jumpsuit
107,Offshoulder Floral Ruched Jumpsuit,₹1099,https://assets.newme.asia/wp-content/uploads/2025/05/18101620bd559d6f/NM-PRC-27-JMP-25-APR-18108-BLACK(1).webp,https://newme.asia/product/offshoulder-floral-ruched-jumpsuit
108,Pink Fitted Backless Jumpsuit,₹1099,https://assets.newme.asia/wp-content/uploads/2025/08/30133603d25760bd/NM-PRC-150-JMP-25-AUG-24371-PINK(1).webp,https://newme.asia/product/pink-fitted-backless-jumpsuit
109,Leopard Print Sweetheart Neck Jumpsuit,₹1179,https://assets.newme.asia/wp-content/uploads/2026/05/0809553436467343/NM-IN-56-JMP-25-NOV-22088-BROWN(0).webp,https://newme.asia/product/leopard-print-sweetheart-neck-jumpsuit-2
110,Black Fitted Sports Jumpsuit,₹1449,https://assets.newme.asia/wp-content/uploads/2025/11/151352519cda54c1/NM-PRC-344-JMP-25-NOV-26770-BLACK(1).webp,https://newme.asia/product/black-fitted-sports-jumpsuit
111,White Leaf Print Jumpsuit,₹1499,https://assets.newme.asia/wp-content/uploads/2026/05/1519360572be130a/NM-PRC-395-JMP-26-APR-33006-WHITE(1).webp,https://newme.asia/product/white-leaf-print-jumpsuit
112,Light Yellow Embroidered Jumpsuit,₹1489,https://assets.newme.asia/wp-content/uploads/2026/01/0313222629d71a08/NM-PRC-313-JMP-26-JAN-29757-LIGHTYELLOW(1).webp,https://newme.asia/product/light-yellow-embroidered-jumpsuit
113,Green Solid Plunge Neck Jumpsuit,₹1269,https://assets.newme.asia/wp-content/uploads/2026/05/060609113cd511e4/NM-IN-56-JMP-26-APR-22673-GREEN(0).webp,https://newme.asia/product/green-solid-plunge-neck-jumpsuit
114,Rust Floral Plunge Neck Jumpsuit,₹1269,https://assets.newme.asia/wp-content/uploads/2026/05/0606090976402b0d/NM-IN-56-JMP-26-APR-22673-RUST(0).webp,https://newme.asia/product/rust-floral-plunge-neck-jumpsuit
115,White Fitted Sports Jumpsuit,₹1299,https://assets.newme.asia/wp-content/uploads/2025/11/1513525047a6d27a/NM-PRC-344-JMP-25-NOV-26770-WHITE(1).webp,https://newme.asia/product/white-fitted-sports-jumpsuit
116,Black Fitted Backless Jumpsuit,₹1089,https://assets.newme.asia/wp-content/uploads/2025/09/05135421d880d842/NM-PRC-344-JMP-25-AUG-24346-BLACK(1).webp,https://newme.asia/product/black-fitted-backless-jumpsuit
117,Light Yellow Smocked Tube Jumpsuit,₹1729,https://assets.newme.asia/wp-content/uploads/2025/12/2917335411e6a381/NM-PRC-12-JMP-25-DEC-29187-LIGHTYELLOW(1).webp,https://newme.asia/product/light-yellow-smocked-tube-jumpsuit
118,Rust Solid Wide Leg Jumpsuit,₹1509,https://assets.newme.asia/wp-content/uploads/2026/02/26143317b988d277/NM-PRC-3-JMP-26-JAN-30481-RUST(1).webp,https://newme.asia/product/rust-solid-wide-leg-jumpsuit
119,Black Fitted Squareneck Jumpsuit,₹999,https://assets.newme.asia/wp-content/uploads/2025/07/2814321479ee27ac/NM-PRC-12-JMP-25-JUL-23298-BLACK(1).webp,https://newme.asia/product/black-fitted-squareneck-jumpsuit
120,Blue Mid Rise Sequin Wrap Skirt,₹679,https://assets.newme.asia/wp-content/uploads/2026/04/2405541714e34672/NM-IN-54-SKT-26-MAR-31491-BLUE(0).webp,https://newme.asia/product/blue-mid-rise-sequin-wrap-skirt
121,White Mid Rise Sequin Wrap Skirt,₹679,https://assets.newme.asia/wp-content/uploads/2026/04/24055339cabef7a0/NM-IN-54-SKT-26-MAR-31491-WHITE(0).webp,https://newme.asia/product/white-mid-rise-sequin-wrap-skirt
122,White Sequined Floral Sheer Dress,₹1039,https://assets.newme.asia/wp-content/uploads/2026/05/18082730628e83e1/NM-IN-54-DRS-26-MAR-31587-WHITE(0).webp,https://newme.asia/product/white-sequined-floral-sheer-dress
123,Black Sequined Floral Sheer Dress,₹1129,https://assets.newme.asia/wp-content/uploads/2026/04/24055716acc08e09/NM-IN-54-DRS-26-MAR-31586-BLACK(0).webp,https://newme.asia/product/black-sequined-floral-sheer-dress
124,Brown Ethnic Print Maxi Dress,₹1549,https://assets.newme.asia/wp-content/uploads/2026/05/211805206e8b976c/NM-PRC-44-DRS-26-MAY-33858-BROWN(1).webp,https://newme.asia/product/brown-ethnic-print-maxi-dress
125,Light Blue Schiffli Mid Rise Shorts,₹679,https://assets.newme.asia/wp-content/uploads/2026/04/2913185150d79e67/NM-IN-56-SHO-26-MAR-22624-LIGHTBLUE(0).webp,https://newme.asia/product/light-blue-schiffli-mid-rise-shorts
126,Orange Geometric Midi Dress,₹1299,https://assets.newme.asia/wp-content/uploads/2026/05/151904377333cf4c/NM-PRC-376-DRS-26-APR-33020-ORANGE(1).webp,https://newme.asia/product/orange-geometric-midi-dress
127,Navy Blue Ethnic Print Mini Dress,₹1199,https://assets.newme.asia/wp-content/uploads/2026/05/151904029bf0936d/NM-PRC-427-DRS-26-APR-32994-NAVY(1).webp,https://newme.asia/product/navy-blue-ethnic-print-mini-dress
128,Wine Ethnic Print Maxi Dress,₹1549,https://assets.newme.asia/wp-content/uploads/2026/05/211805287c6923b7/NM-PRC-44-DRS-26-MAY-33858-WINE(1).webp,https://newme.asia/product/wine-ethnic-print-maxi-dress
129,Black Floral Smocked Maxi Dress,₹1599,https://assets.newme.asia/wp-content/uploads/2026/05/21171919c63b912f/NM-PRC-159-DRS-26-MAY-33635-BLACK(1).webp,https://newme.asia/product/black-floral-smocked-maxi-dress-2
130,Navy Blue Ethnic Print Mini Dress,₹1299,https://assets.newme.asia/wp-content/uploads/2026/05/15190457b218c7d2/NM-PRC-12-DRS-26-APR-33032-NAVY(1).webp,https://newme.asia/product/navy-blue-ethnic-print-mini-dress-2
131,Blue Geometric Midi Dress,₹1299,https://assets.newme.asia/wp-content/uploads/2026/05/15190425bc522285/NM-PRC-376-DRS-26-APR-33020-BLUE(1).webp,https://newme.asia/product/blue-geometric-midi-dress
132,White Contrast Detailed Shirt,₹819,https://assets.newme.asia/wp-content/uploads/2026/04/2913204945f60a5f/NM-IN-56-SHT-26-MAR-22627-WHITE(0).webp,https://newme.asia/product/white-contrast-detailed-shirt
133,Green Ethnic Print Tieup Detail Top,₹449,https://assets.newme.asia/wp-content/uploads/2025/09/09123818234f1ed8/NM-IN-56-BLS-25-AUG-21202-GREEN_(1).webp,https://newme.asia/product/green-ethnic-print-tieup-detail-top
134,Light Blue Ethnic Print Halter Top,₹819,https://assets.newme.asia/wp-content/uploads/2026/03/18092042da6b8522/NM-IN-54-BLS-26-FEB-31479-LIGHTBLUE(0).webp,https://newme.asia/product/light-blue-ethnic-print-halter-top
135,Black Embellished Sheer Vneck Top,₹909,https://assets.newme.asia/wp-content/uploads/2025/08/06135429973aca43/NM-PRC-176-BLS-25-AUG-21234-BLACK_(1).webp,https://newme.asia/product/black-embellished-sheer-vneck-top
136,White Ethnic Print Mini Dress,₹869,https://assets.newme.asia/wp-content/uploads/2026/02/10113236cfb9860d/NM-IN-56-DRS-25-NOV-26321-WHITE(0).webp,https://newme.asia/product/white-ethnic-print-mini-dress
137,Navy Blue Floral High Rise Trousers,₹619,https://assets.newme.asia/wp-content/uploads/2025/08/2813103383ea75a8/NM-PRC-146-TRS-25-AUG-21442-NAVYBLUE_(1).webp,https://newme.asia/product/navy-blue-floral-high-rise-trousers
138,Blue Floral Wrap Mini Skorts,₹679,https://assets.newme.asia/wp-content/uploads/2026/03/2714174004397467/NM-PRC-442-SKO-26-MAR-32114-BLUE(1).webp,https://newme.asia/product/blue-floral-wrap-mini-skorts
139,Green Ethnic Print Tie-Up Detail Top,₹499,https://assets.newme.asia/wp-content/uploads/2025/09/09124322a79a0010/NM-IN-56-BLS-25-AUG-21261-GREEN_(1).webp,https://newme.asia/product/green-ethnic-print-tie-up-detail-top
140,Green Ethnic Print Buttoned Shirt,₹1199,https://assets.newme.asia/wp-content/uploads/2026/03/12140413ddb3b3ba/NM-PRC-417-SHT-26-JAN-30056-GREEN(1).webp,https://newme.asia/product/green-ethnic-print-buttoned-shirt
141,Black Embroidered Ethnic A-Line Dress,₹1219,https://assets.newme.asia/wp-content/uploads/2026/03/28134513fbe34d5f/NM-PRC-159-DRS-26-MAR-32194-BLACK(1).webp,https://newme.asia/product/black-embroidered-ethnic-a-line-dress
142,Teal Sequin Embellished Halter Top,₹429,https://assets.newme.asia/wp-content/uploads/2025/12/3008535114eb86ce/NM-IN-56-BLS-25-DEC-22169-TEAL(1).webp,https://newme.asia/product/teal-sequin-embellished-halter-top
143,Off White Ethnic Print Mini Dress,₹979,https://assets.newme.asia/wp-content/uploads/2026/03/27143432dd8a9494/NM-PRC-442-DRS-26-MAR-32118-OFFWHITE(1).webp,https://newme.asia/product/off-white-ethnic-print-mini-dress
144,Off White Floral High Rise Pants,₹1099,https://assets.newme.asia/wp-content/uploads/2025/06/2021264367930be8/8b48abe0.webp,https://newme.asia/product/off-white-floral-high-rise-pants
145,Light Blue Schiffli Co-Ord Set,₹1349,https://assets.newme.asia/wp-content/uploads/2026/04/01100354c72ea922/NM-IN-54-CRD-26-FEB-31472-LIGHTBLUE(0).webp,https://newme.asia/product/light-blue-schiffli-co-ord-set
146,Black Ethnic Print Halter Tie-Up Top,₹429,https://assets.newme.asia/wp-content/uploads/2025/10/08081457635a1d1d/NM-IN-56-BLS-25-OCT-21747-BLACK_(1).webp,https://newme.asia/product/red-ethnic-print-halter-tie-up-top-2
147,Blue Ethnic Print V-Neck Top,₹459,https://assets.newme.asia/wp-content/uploads/2025/09/29063242f14a4569/NM-IN-56-BLS-25-AUG-21241-BLUE__(1).webp,https://newme.asia/product/blue-ethnic-print-v-neck-top
148,Sage Embroidered Tie Up Maxi Dress,₹1349,https://assets.newme.asia/wp-content/uploads/2025/12/18140403100cb5a7/NM-PRC-391-DRS-25-DEC-28658-SAGE(1).webp,https://newme.asia/product/sage-embroidered-tie-up-maxi-dress
149,Dark Blue Ethnic Print Square Neck Top,₹429,https://assets.newme.asia/wp-content/uploads/2025/10/080814142f4460a6/NM-IN-56-BLS-25-OCT-21742-DARKBLUE_(1).webp,https://newme.asia/product/dark-blue-ethnic-print-square-neck-top
150,Black Sequinned Shirt,₹899,https://assets.newme.asia/wp-content/uploads/2025/07/232004433375b575/NM-IN-56-SHT-24-NOV-10884-BLACK_(1).webp,https://newme.asia/product/black-sequinned-shirt
151,Blue Striped Crop Shirt,₹409,https://assets.newme.asia/wp-content/uploads/2025/07/22171913a13ab80c/NM-IN-56-SHT-25-FEB-12802-BLUE(1).webp,https://newme.asia/product/blue-striped-crop-shirt
152,Black Floral Buttoned Shirt,₹769,https://assets.newme.asia/wp-content/uploads/2026/03/181413133de41952/NM-PRC-437-SHT-26-MAR-31675-BLACK(1).webp,https://newme.asia/product/black-floral-buttoned-shirt
153,Blue Striped Button Down Shirt,₹1189,https://assets.newme.asia/wp-content/uploads/2025/09/0513553841733467/NM-PRC-144-SHT-25-SEP-24560-BLUE(1).webp,https://newme.asia/product/blue-striped-button-down-shirt-4
154,Green Ethnic Print Buttoned Shirt,₹1199,https://assets.newme.asia/wp-content/uploads/2026/03/12140413ddb3b3ba/NM-PRC-417-SHT-26-JAN-30056-GREEN(1).webp,https://newme.asia/product/green-ethnic-print-buttoned-shirt
155,Beige Striped Oversized Shirt,₹829,https://assets.newme.asia/wp-content/uploads/2025/11/26135442b88c40db/NM-PRC-391-SHT-25-NOV-27590-BEIGE(1).webp,https://newme.asia/product/beige-striped-oversized-shirt
156,White Striped Button Down Shirt,₹1049,https://assets.newme.asia/wp-content/uploads/2025/08/071613524b022b33/NM-PRC-341-SHT-25-AUG-23552-WHITE(1).webp,https://newme.asia/product/white-striped-button-down-shirt
157,Light Blue Striped Oversized Shirt,₹1049,https://assets.newme.asia/wp-content/uploads/2026/05/08095848f8ed6241/NM-IN-56-SHT-25-SEP-25067-LIGHTBLUE(0).webp,https://newme.asia/product/light-blue-striped-oversized-shirt-7
158,White Striped Ruched Shirt,₹799,https://assets.newme.asia/wp-content/uploads/2026/03/181414120be2decf/NM-PRC-374-SHT-26-MAR-31686-WHITE(1).webp,https://newme.asia/product/white-striped-ruched-shirt
159,White Solid Buttoned Shirt,₹1069,https://assets.newme.asia/wp-content/uploads/2026/03/18141357f3b9fec6/NM-PRC-374-SHT-26-MAR-31685-WHITE(1).webp,https://newme.asia/product/white-solid-buttoned-shirt-7
160,White Solid Spread Collar Oversized Shirt,₹639,https://assets.newme.asia/wp-content/uploads/2025/07/23194005322fdb1c/NM-IN-56-SHT-24-SEP-9219-WHITE(1).webp,https://newme.asia/product/white-solid-spread-collar-oversized-shirt
161,Yellow Striped Regular Shirt,₹909,https://assets.newme.asia/wp-content/uploads/2025/08/250927390f2ef18f/NM-IN-56-SHT-25-MAY-16463-YELLOW(1).webp,https://newme.asia/product/yellow-striped-regular-shirt-2
162,White Solid Button Down Shirt,₹1099,https://assets.newme.asia/wp-content/uploads/2025/10/30154059688188f7/NM-PRC-391-SHT-25-OCT-25811-WHITE(1).webp,https://newme.asia/product/white-solid-button-down-shirt-4
163,Red Plaid Oversized Button Down Shirt,₹1439,https://assets.newme.asia/wp-content/uploads/2025/09/2911364948f3f771/NM-PRC-376-SHT-25-SEP-25069-RED(1).webp,https://newme.asia/product/red-plaid-oversized-button-down-shirt
164,Light Brown Plaid Oversized Button Down Shirt,₹1669,https://assets.newme.asia/wp-content/uploads/2025/09/2911364429ebfb5f/NM-PRC-376-SHT-25-SEP-25069-LIGHTBROWN(1).webp,https://newme.asia/product/light-brown-plaid-oversized-button-down-shirt
165,Beige Cinched Waist Plaid Shirt,₹819,https://assets.newme.asia/wp-content/uploads/2026/05/080958299c29b93f/NM-IN-56-SHT-25-DEC-29399-BEIGE(0).webp,https://newme.asia/product/beige-cinched-waist-plaid-shirt-4
166,Wine Fitted Tie-Up Shirt,₹1599,https://assets.newme.asia/wp-content/uploads/2026/05/08095844875a5878/NM-IN-56-SHT-25-DEC-28134-WINE(0).webp,https://newme.asia/product/wine-fitted-tie-up-shirt-2
167,Light Yellow Striped Oversized Shirt,₹1049,https://assets.newme.asia/wp-content/uploads/2025/09/29113635e6443665/NM-PRC-309-SHT-25-SEP-25067-LIGHTYELLOW(1).webp,https://newme.asia/product/light-yellow-striped-oversized-shirt
168,White Lace Band Collar Shirt,₹1099,https://assets.newme.asia/wp-content/uploads/2026/03/1111232626dacd14/NM-PRC-339-SHT-26-FEB-31283-WHITE(1).webp,https://newme.asia/product/white-lace-band-collar-shirt
169,Blue Pinstripe Fitted Button Down Shirt,₹679,https://assets.newme.asia/wp-content/uploads/2025/09/2911371956c6a0a3/NM-PRC-374-SHT-25-SEP-25079-BLUE(1).webp,https://newme.asia/product/blue-pinstripe-fitted-button-down-shirt
170,White Solid Fitted Buttoned Shirt,₹1069,https://assets.newme.asia/wp-content/uploads/2026/03/311441430d7d8475/NM-PRC-448-SHT-26-MAR-32359-WHITE(1).webp,https://newme.asia/product/white-solid-fitted-buttoned-shirt-2
171,Multi Color Striped Button Down Shirt,₹1179,https://assets.newme.asia/wp-content/uploads/2025/10/30154128093849ac/NM-PRC-341-SHT-25-OCT-25833-BEIGE(1).webp,https://newme.asia/product/multi-color-striped-button-down-shirt-2
172,Red Ruffled Buttoned Gingham Shirt,₹1199,https://assets.newme.asia/wp-content/uploads/2026/05/21154114c5a8ce68/NM-PRC-184-SHT-26-MAY-33604-RED(1).webp,https://newme.asia/product/red-ruffled-buttoned-gingham-shirt
173,Cream Embroidered Floral Collar Shirt,₹1189,https://assets.newme.asia/wp-content/uploads/2026/03/101136399298b81e/NM-PRC-417-SHT-26-FEB-31126-CREAM(1).webp,https://newme.asia/product/cream-embroidered-floral-collar-shirt
174,Beige Oversized Striped Button Down Shirt,₹1269,https://assets.newme.asia/wp-content/uploads/2025/08/071614106e5b4508/NM-PRC-347-SHT-25-AUG-23558-BEIGE(1).webp,https://newme.asia/product/beige-oversized-striped-button-down-shirt
175,Black Fitted Button Down Shirt,₹619,https://assets.newme.asia/wp-content/uploads/2025/07/251007452f26cdae/NM-IN-56-SHT-25-FEB-14474-BLACK_(1).webp,https://newme.asia/product/black-fitted-button-down-shirt
176,Light Yellow Solid Buttoned Shirt,₹1099,https://assets.newme.asia/wp-content/uploads/2026/05/151453308154823e/NM-PRC-374-SHT-26-MAR-31685-LIGHTYELLOW(1).webp,https://newme.asia/product/light-yellow-solid-buttoned-shirt
177,Dark Blue Striped Buttoned Shirt,₹1199,https://assets.newme.asia/wp-content/uploads/2026/05/15144413caee0439/NM-PRC-448-SHT-26-MAY-33531-DARKBLUE(1).webp,https://newme.asia/product/dark-blue-striped-buttoned-shirt
178,Red Striped Buttoned Shirt,₹1099,https://assets.newme.asia/wp-content/uploads/2026/05/15191335d56cefd5/NM-PRC-312-SHT-26-APR-33036-RED(1).webp,https://newme.asia/product/red-striped-buttoned-shirt
179,Black Lace Band Collar Shirt,₹1099,https://assets.newme.asia/wp-content/uploads/2026/03/11112320beca7267/NM-PRC-339-SHT-26-FEB-31283-BLACK(1).webp,https://newme.asia/product/black-lace-band-collar-shirt
180,White Studded Scoop Neck Crop Top,₹799,https://assets.newme.asia/wp-content/uploads/2026/04/01142140d0072d03/NM-PRC-339-BLS-26-APR-32444-WHITE(1).webp,https://newme.asia/product/white-studded-scoop-neck-crop-top
181,Olive Green Square Neck Top,₹689,https://assets.newme.asia/wp-content/uploads/2026/01/02112637e5712406/NM-PRC-191-BLS-26-JAN-29548-OLIVE(1).webp,https://newme.asia/product/olive-green-square-neck-top
182,Printed Halter Neck Top,₹679,https://assets.newme.asia/wp-content/uploads/2025/06/021859489a185a59/NM-IN-56-BLS-23-JUN-917-DKBLUE(1).webp,https://newme.asia/product/printed-halter-neck-top-2
183,Light Brown Square Neck Top,₹679,https://assets.newme.asia/wp-content/uploads/2026/01/021126379c61748c/NM-PRC-191-BLS-26-JAN-29548-LIGHTBROWN(1).webp,https://newme.asia/product/light-brown-square-neck-top
184,Black Pu Textured Scoop Neck Top,₹799,https://assets.newme.asia/wp-content/uploads/2026/05/1514300992b04d68/NM-PRC-186-BLS-26-MAY-33511-BLACK(1).webp,https://newme.asia/product/black-pu-textured-scoop-neck-top
185,Polyamide Crop Tank Top,₹369,https://assets.newme.asia/wp-content/uploads/2025/07/23205923af245425/NM-IN-56-BLS-25-MAY-16534-LIGHTPINK(1).webp,https://newme.asia/product/light-pink-crop-tank-top
186,Maroon Solid Fitted Scoop Neck Top,₹739,https://assets.newme.asia/wp-content/uploads/2025/06/202123191483e1c6/0771047c.webp,https://newme.asia/product/maroon-solid-fitted-scoop-neck-top
187,Graphic Tshirt,₹279,https://assets.newme.asia/wp-content/uploads/2025/07/232059072817acae/NM-IN-56-BLS-25-MAY-16527-BLACK_(1).webp,https://newme.asia/product/graphic-tshirt-42
188,Black Studded Scoop Neck Crop Top,₹859,https://assets.newme.asia/wp-content/uploads/2026/04/01142134fcdd68ef/NM-PRC-339-BLS-26-APR-32444-BLACK(1).webp,https://newme.asia/product/black-studded-scoop-neck-crop-top
189,Grey Halter Bodysuit,₹819,https://assets.newme.asia/wp-content/uploads/2024/05/020927143d84d652/NM-PRC-3-BDS-24-APR-5366-GREY(1).webp,https://newme.asia/product/grey-halter-bodysuit
190,White Fitted Solid Tank Top,₹459,https://assets.newme.asia/wp-content/uploads/2026/04/271041309fb1cdc5/NM-IN-56-TAT-24-APR-4740-WHITE(0).webp,https://newme.asia/product/white-fitted-solid-tank-top-3
191,Brown Striped Round Neck Top,₹499,https://assets.newme.asia/wp-content/uploads/2026/03/3014305549b32518/NM-PRC-198-BLS-26-MAR-32278-BROWN(1).webp,https://newme.asia/product/brown-striped-round-neck-top
192,Graphic Tshirt,₹459,https://assets.newme.asia/wp-content/uploads/2026/04/220704292520fb50/NM-IN-56-BLS-25-MAY-16526-WHITE(0).webp,https://newme.asia/product/graphic-tshirt-21
193,Light Blue Scoop Neck Top,₹699,https://assets.newme.asia/wp-content/uploads/2026/05/15142916be0f5ce4/NM-PRC-445-BLS-26-MAY-33500-LIGHTBLUE(1).webp,https://newme.asia/product/light-blue-scoop-neck-top-4
194,Greyish Blue Asymmetric Neck Tank Top,₹669,https://assets.newme.asia/wp-content/uploads/2024/05/02092435dc41b5ac/NM-PRC-3-TAT-24-APR-5415-GREYBLUE(1).webp,https://newme.asia/product/greyish-blue-asymmetric-neck-tank-top
195,Brown Set Of 2 Embroidered Scoop Top,₹999,https://assets.newme.asia/wp-content/uploads/2026/05/151924298bb1cfce/NM-PRC-347-BLS-26-MAY-33504-BROWN(1).webp,https://newme.asia/product/brown-set-of-2-embroidered-scoop-top
196,White Crop Tank Top,₹499,https://assets.newme.asia/wp-content/uploads/2024/04/25135348d115d7a9/NM-PRC-61-TAT-24-APR-5293-WHITE(1).webp,https://newme.asia/product/white-crop-tank-top
197,Black Boat Neck Fitted Tank Top,₹729,https://assets.newme.asia/wp-content/uploads/2024/04/26122608806dcbbe/NM-PRC-108-TAT-24-APR-5310-BLACK(1).webp,https://newme.asia/product/black-boat-neck-fitted-tank-top
198,Grey Solid Backless Scoop Neck Top,₹349,https://assets.newme.asia/wp-content/uploads/2025/10/24065958ce2a6a75/NM-IN-56-BLS-25-JUN-20163-GREY(1).webp,https://newme.asia/product/grey-solid-backless-scoop-neck-top-2
199,Light Olive Crop Tank Top,₹409,https://assets.newme.asia/wp-content/uploads/2025/05/23121530abad64da/NM-IN-56-BLS-25-MAY-16534-LIGHTOLIVE(1).webp,https://newme.asia/product/light-olive-crop-tank-top
200,Light Yellow Scoop Neck Tank Top,₹449,https://assets.newme.asia/wp-content/uploads/2025/07/25100734925fe7ee/NM-IN-56-BLS-25-JAN-12505-LIGHTYELLOW_(1).webp,https://newme.asia/product/light-yellow-scoop-neck-tank-top
201,Peach Printed Tank Top,₹819,https://assets.newme.asia/wp-content/uploads/2023/11/30094121/NM-PRC-87-BLS-23-NOV-1619-GREEN-1.webp,https://newme.asia/product/peach-printed-tank-top-3
202,Black Typographic Tank Top,₹549,https://assets.newme.asia/wp-content/uploads/2024/06/06124122f236d70f/NM-PRC-152-TAT-24-JUN-6176-BLACK(1).webp,https://newme.asia/product/black-typographic-tank-top-2
203,Black Solid Lace Crop Top,₹799,https://assets.newme.asia/wp-content/uploads/2026/05/2115300800190a32/NM-PRC-313-BLS-26-MAY-33894-BLACK(1).webp,https://newme.asia/product/black-solid-lace-crop-top-2
204,Black Typography Ombre Crop Top,₹799,https://assets.newme.asia/wp-content/uploads/2026/05/2115074372cb897f/NM-PRC-91-BLS-26-MAY-33727-BLACK(1).webp,https://newme.asia/product/black-typography-ombre-crop-top
205,Yellow Solid Cut Out Top,₹599,https://assets.newme.asia/wp-content/uploads/2026/05/2115080930aca6b2/NM-PRC-194-BLS-25-JUL-23339-YELLOW(1).webp,https://newme.asia/product/yellow-solid-cut-out-top
206,Brown Leopard Printed Top,₹699,https://assets.newme.asia/wp-content/uploads/2026/05/21144506d5f5263f/NM-PRC-186-BLS-26-MAY-33642-BROWN(1).webp,https://newme.asia/product/brown-leopard-printed-top
207,Light Pink Strappy Slim Fit Tank Top,₹799,https://assets.newme.asia/wp-content/uploads/2024/12/05133829fb9c8dfc/NM-PRC-3-TAT-24-NOV-13241-LIGHTPINK(1).webp,https://newme.asia/product/light-pink-strappy-slim-fit-tank-top
208,Blue Solid High-Rise Jeans,₹1499,https://assets.newme.asia/wp-content/uploads/2026/05/1512141952455167/NM-PRC-392-JNS-26-MAY-33544-BLUE(1).webp,https://newme.asia/product/blue-solid-high-rise-jeans-2
209,Dark Blue Embellished High-Rise Jeans,₹1719,https://assets.newme.asia/wp-content/uploads/2026/05/110954374c5e28d9/NM-IN-56-JNS-26-MAR-22631-DARKBLUE(0).webp,https://newme.asia/product/dark-blue-embellished-high-rise-jeans
210,Blue Mid Rise Straight Fit Jeans,₹1749,https://assets.newme.asia/wp-content/uploads/2025/11/1414410526ce50a5/NM-PRC-386-JNS-25-NOV-26682-LIGHTBLUE(1).webp,https://newme.asia/product/blue-mid-rise-straight-fit-jeans-29
211,Light Blue High Rise Ripped Jeans,₹1719,https://assets.newme.asia/wp-content/uploads/2025/10/06142415b4e2db67/NM-PRC-356-JNS-25-OCT-25206-LIGHTBLUE(1).webp,https://newme.asia/product/light-blue-high-rise-ripped-jeans-7
212,Black Monotone High-Rise Jeans,₹1599,https://assets.newme.asia/wp-content/uploads/2026/03/050802326dd1f33d/NM-PRC-392-JNS-26-JAN-30685-BLACK(1).webp,https://newme.asia/product/black-monotone-high-rise-jeans
213,Dark Blue Solid High-Rise Jeans,₹1699,https://assets.newme.asia/wp-content/uploads/2026/03/050803420c1e49b5/NM-PRC-386-JNS-26-JAN-30746-DARKBLUE(1).webp,https://newme.asia/product/dark-blue-solid-high-rise-jeans-7
214,Black Mid-Rise Drawstring Jeans,₹1649,https://assets.newme.asia/wp-content/uploads/2026/03/050803404953fc82/NM-PRC-392-JNS-26-JAN-30692-BLACK(1).webp,https://newme.asia/product/black-mid-rise-drawstring-jeans
215,Blue Lace Insert Wide-Leg Jeans,₹1099,https://assets.newme.asia/wp-content/uploads/2025/11/14144034236d525d/NM-PRC-386-JNS-25-NOV-26651-LIGHTBLUE(1).webp,https://newme.asia/product/blue-lace-insert-wide-leg-jeans
216,Whie Solid High Rise Jeans,₹1099,https://assets.newme.asia/wp-content/uploads/2026/01/310711030309820b/NM-IN-56-JNS-25-DEC-22297-WHITE(0).webp,https://newme.asia/product/whie-solid-high-rise-jeans
217,Red Solid Mid Rise Jeans,₹1649,https://assets.newme.asia/wp-content/uploads/2026/01/2213470730cbee46/NM-PRC-306-JNS-26-JAN-29859-RED(1).webp,https://newme.asia/product/red-solid-mid-rise-jeans
218,Straight Fit Cargo Jeans,₹789,https://assets.newme.asia/wp-content/uploads/2025/07/23235944820bbf72/NM-IN-56-JNS-25-MAY-16517-LIGHTGREY_(1).webp,https://newme.asia/product/straight-fit-cargo-jeans-7
219,Black Solid Mid Rise Straight Jeans,₹999,https://assets.newme.asia/wp-content/uploads/2025/09/23125545581c5fd7/NM-IN-56-JNS-25-AUG-21315-BLACK_(1).webp,https://newme.asia/product/black-solid-mid-rise-straight-jeans
220,Blue Solid Mid Rise Straight Jeans,₹909,https://assets.newme.asia/wp-content/uploads/2025/09/23125648168d093c/NM-IN-56-JNS-25-AUG-21332-BLUE_(1).webp,https://newme.asia/product/blue-solid-mid-rise-straight-jeans-4
221,Brown High Rise Cargo Jeans,₹1699,https://assets.newme.asia/wp-content/uploads/2026/03/05080139215377ee/NM-PRC-306-JNS-26-JAN-30635-BROWN(1).webp,https://newme.asia/product/brown-high-rise-cargo-jeans
222,Dark Blue Solid Mid Rise Jeans,₹539,https://assets.newme.asia/wp-content/uploads/2025/09/1913292447049096/NM-IN-56-JNS-25-AUG-21320-DARKBLUE_(1).webp,https://newme.asia/product/dark-blue-solid-mid-rise-jeans
223,Darkblue Highrise Straight Jeans,₹699,https://assets.newme.asia/wp-content/uploads/2025/07/31160706f95f6ea3/NM-IN-56-JNS-25-JUL-21138-DARKBLUE_(1).webp,https://newme.asia/product/darkblue-highrise-straight-jeans
224,Straight Fit Cargo Jeans,₹699,https://assets.newme.asia/wp-content/uploads/2025/07/232359327ff1d142/NM-IN-56-JNS-25-MAY-16517-GREEN_(1).webp,https://newme.asia/product/straight-fit-cargo-jeans-4
225,White Bow Print Mid Rise Jeans,₹1199,https://assets.newme.asia/wp-content/uploads/2025/09/15065113c2cfb1a8/NM-PRC-325-JNS-25-AUG-24094-WHITE(1).webp,https://newme.asia/product/white-bow-print-mid-rise-jeans
226,Straight Fit Cargo Jeans,₹699,https://assets.newme.asia/wp-content/uploads/2025/07/232359119cef5a73/NM-IN-56-JNS-25-MAY-16517-DARKGREY_(1).webp,https://newme.asia/product/straight-fit-cargo-jeans
227,Blue Solid Mid Rise Jeans,₹1099,https://assets.newme.asia/wp-content/uploads/2026/02/27132847b266835f/NM-IN-56-JNS-26-FEB-22604-BLUE(0).webp,https://newme.asia/product/blue-solid-mid-rise-jeans
228,Blue Solid Mid Rise Straight Jeans,₹699,https://assets.newme.asia/wp-content/uploads/2025/09/231255271e7dbe47/NM-IN-56-JNS-25-AUG-21312-BLUE_(1).webp,https://newme.asia/product/blue-solid-mid-rise-straight-jeans
229,Burgundy Mid Rise Straight Fit Stretch Jeans,₹759,https://assets.newme.asia/wp-content/uploads/2025/05/171446380303d737/NM-IN-56-JNS-25-MAR-12844-BURGUNDY_(1).webp,https://newme.asia/product/burgundy-mid-rise-straight-fit-stretch-jeans
230,Dark Blue Pinstripe Straight Fit Jeans,₹1309,https://assets.newme.asia/wp-content/uploads/2025/09/150648578f9633a5/NM-PRC-306-JNS-25-JUL-23348-DARKBLUE(1).webp,https://newme.asia/product/dark-blue-pinstripe-straight-fit-jeans
231,Blue Solid Mid Rise Wide Leg Jeans,₹909,https://assets.newme.asia/wp-content/uploads/2025/09/2312562837ffd3b1/NM-IN-56-JNS-25-AUG-21323-BLUE_(1).webp,https://newme.asia/product/blue-solid-mid-rise-wide-leg-jeans-22
232,Black Mid Rise Straight Fit Jeans,₹1149,https://assets.newme.asia/wp-content/uploads/2025/07/23203619cb67dcb4/NM-PRC-306-JNS-25-MAR-15765-BLACK(1).webp,https://newme.asia/product/black-mid-rise-straight-fit-jeans
233,Mid Rise Straight Fit Off-White Jeans,₹859,https://assets.newme.asia/wp-content/uploads/2024/01/04082557/NM-IN-55-JNS-24-JAN-83-OFFWHITE-1.webp,https://newme.asia/product/midrise-straight-fit-offwhite-jeans
234,Darkblue Highrise Straight Jeans,₹769,https://assets.newme.asia/wp-content/uploads/2025/07/31160704849e4c57/NM-IN-56-JNS-25-JUL-21137-DARKBLUE_(1).webp,https://newme.asia/product/darkblue-highrise-straight-jeans-2
235,Black High Rise Straight Fit Jeans,₹799,https://assets.newme.asia/wp-content/uploads/2025/11/1315294073573b87/NM-IN-56-JNS-25-NOV-21920-BLACK(1).webp,https://newme.asia/product/black-high-rise-straight-fit-jeans-16
236,Light Blue High Rise Straight Fit Jeans,₹1129,https://assets.newme.asia/wp-content/uploads/2025/10/180752160a0fc849/NM-PRC-337-JNS-25-OCT-25548-LIGHTBLUE(1).webp,https://newme.asia/product/light-blue-high-rise-straight-fit-jeans-16
237,Red Draped Detail Mini Dress,₹749,https://assets.newme.asia/wp-content/uploads/2025/05/171834445a6b7ead/NM-IN-56-DRS-24-DEC-13851-DARKBROWN(1)_c.webp,https://newme.asia/product/red-draped-detail-mini-dress
238,Sleeveless Bodycon Tie Detail Dress,₹499,https://assets.newme.asia/wp-content/uploads/2025/06/150959530d1677a4/NM-IN-56-DRS-25-MAY-16701-DARKGREY(1).webp,https://newme.asia/product/sleeveless-bodycon-tie-detail-dress
239,Red Belted Tube Mini Dress,₹1489,https://assets.newme.asia/wp-content/uploads/2026/03/201110237a7a0031/NM-PRC-391-DRS-26-MAR-31783-RED(1).webp,https://newme.asia/product/red-belted-tube-mini-dress
240,Blue Striped Crop Shirt,₹409,https://assets.newme.asia/wp-content/uploads/2025/07/22171913a13ab80c/NM-IN-56-SHT-25-FEB-12802-BLUE(1).webp,https://newme.asia/product/blue-striped-crop-shirt
241,Grey Mid Rise Wrap Formal Pants,₹1449,https://assets.newme.asia/wp-content/uploads/2025/11/12053224c56f25b5/NM-PRC-346-TRS-25-NOV-26513-DARKGREY(1).webp,https://newme.asia/product/grey-mid-rise-wrap-formal-pants
242,Light Blue Striped Wrap Mini Dress,₹1399,https://assets.newme.asia/wp-content/uploads/2026/05/190717064e597d73/NM-PRC-425-DRS-26-APR-32962-LIGHTBLUE(1).webp,https://newme.asia/product/light-blue-striped-wrap-mini-dress
243,Black Striped Collared Mini Dress,₹1499,https://assets.newme.asia/wp-content/uploads/2026/03/11095722a1031a5a/NM-PRC-425-DRS-26-FEB-31158-BLACK(1).webp,https://newme.asia/product/black-striped-collared-mini-dress
244,Black Fitted Lapel Collar Top,₹1189,https://assets.newme.asia/wp-content/uploads/2025/12/310944064713672e/NM-PRC-178-BLS-25-DEC-29545-BLACK(1).webp,https://newme.asia/product/black-fitted-lapel-collar-top
245,Off White Lapel Collar Blazer,₹1199,https://assets.newme.asia/wp-content/uploads/2026/01/14130605b6aa3eb2/NM-IN-56-BLZ-25-AUG-23472-OFFWHITE_(1).webp,https://newme.asia/product/off-white-lapel-collar-blazer
246,Black Striped Tube Neck Co-Ord Set,₹1179,https://assets.newme.asia/wp-content/uploads/2026/04/09141049f84ef270/NM-PRC-159-CRD-26-APR-32847-BLACK(1).webp,https://newme.asia/product/black-striped-tube-neck-co-ord-set
247,Brown High Rise Wide-Leg Pants,₹1399,https://assets.newme.asia/wp-content/uploads/2025/12/3109491043f93635/NM-PRC-313-TRS-25-DEC-29433-BROWN(1).webp,https://newme.asia/product/brown-high-rise-wide-leg-pants-2
248,Light Grey High Rise Pleated Skirt,₹1299,https://assets.newme.asia/wp-content/uploads/2026/03/1715264619f2d5a5/NM-PRC-427-SKT-26-MAR-31647-LIGHTGREY(1).webp,https://newme.asia/product/light-grey-high-rise-pleated-skirt
249,White V-Neck Solid Bodysuit,₹1299,https://assets.newme.asia/wp-content/uploads/2026/03/120858435eb329ef/NM-PRC-312-BLS-26-FEB-31033-WHITE(1).webp,https://newme.asia/product/white-v-neck-solid-bodysuit
250,Light Green V-Neck Check Co-Ord Set,₹2199,https://assets.newme.asia/wp-content/uploads/2025/12/241115185f0062c8/NM-PRC-374-CRD-25-DEC-29032-LIGHTGREEN(1).webp,https://newme.asia/product/light-green-v-neck-check-co-ord-set
251,Light Brown Square Neck Co-Ords Set,₹1069,https://assets.newme.asia/wp-content/uploads/2026/03/161041496133e728/NM-PRC-313-CRD-26-MAR-31533-LIGHTBROWN(1).webp,https://newme.asia/product/light-brown-square-neck-co-ords-set
252,Beige High Rise Pleated Pants,₹1299,https://assets.newme.asia/wp-content/uploads/2026/04/09124010e0585119/NM-PRC-9998-TRS-26-MAR-32335-BEIGE(1).webp,https://newme.asia/product/beige-high-rise-pleated-pants-4
253,Beige Mid Rise Wrap Skorts,₹1099,https://assets.newme.asia/wp-content/uploads/2026/03/301357228ae735d6/NM-PRC-443-SKO-26-MAR-32273-BEIGE(1).webp,https://newme.asia/product/beige-mid-rise-wrap-skorts
254,White Front Cut Top,₹699,https://assets.newme.asia/wp-content/uploads/2025/07/221748178193987d/NM-IN-56-BLS-25-MAY-16685-OFFWHITE(1).webp,https://newme.asia/product/white-front-cut-top
255,Black Solid Bodycon Mini Dress,₹1199,https://assets.newme.asia/wp-content/uploads/2026/04/0914171040d407b0/NM-PRC-339-DRS-26-APR-32831-BLACK(1).webp,https://newme.asia/product/black-solid-bodycon-mini-dress-7
256,Dark Grey Plaid Pleated Skirt Co-Ord Set,₹1499,https://assets.newme.asia/wp-content/uploads/2025/11/0713423894a78523/NM-PRC-374-CRD-25-NOV-26049-DARKGREY(1).webp,https://newme.asia/product/dark-grey-plaid-pleated-skirt-co-ord-set
257,Cream Solid Mid Rise Trousers,₹1399,https://assets.newme.asia/wp-content/uploads/2026/04/0914055558439f76/NM-PRC-313-TRS-26-APR-32850-CREAM(1).webp,https://newme.asia/product/cream-solid-mid-rise-trousers
258,Wine V-Neck Solid Bodysuit,₹1399,https://assets.newme.asia/wp-content/uploads/2026/03/120858138e870617/NM-PRC-312-BLS-26-FEB-31033-WINE(1).webp,https://newme.asia/product/wine-v-neck-solid-bodysuit
259,Black One Shoulder Bodycon Midi Dress,₹1309,https://assets.newme.asia/wp-content/uploads/2025/10/221518101f38761e/NM-PRC-44-DRS-25-OCT-25644-BLACK(1).webp,https://newme.asia/product/black-one-shoulder-bodycon-midi-dress
260,Burgundy High Rise Pleated Pants,₹1399,https://assets.newme.asia/wp-content/uploads/2026/04/091357109ba412b1/NM-PRC-9998-TRS-26-MAR-32335-BURGUNDY(1).webp,https://newme.asia/product/burgundy-high-rise-pleated-pants
261,Dark Brown Embroidered Lapel Collar Blazer,₹1249,https://assets.newme.asia/wp-content/uploads/2026/03/11111908699ae27a/NM-PRC-340-BLZ-26-FEB-31208-DARKBROWN(1).webp,https://newme.asia/product/dark-brown-embroidered-lapel-collar-blazer
262,White High Rise Wide Leg Pants,₹1249,https://assets.newme.asia/wp-content/uploads/2026/04/091356312467d170/NM-PRC-9998-TRS-26-APR-32822-WHITE(1).webp,https://newme.asia/product/white-high-rise-wide-leg-pants
263,Brown High Rise Houndstooth Midi Skirt,₹1299,https://assets.newme.asia/wp-content/uploads/2026/04/09124346ff03bfa5/NM-PRC-443-SKT-26-MAR-32272-BROWN(1).webp,https://newme.asia/product/brown-high-rise-houndstooth-midi-skirt
264,Black Solid High Rise Wrap Pants,₹1299,https://assets.newme.asia/wp-content/uploads/2026/03/3110031692f35d06/NM-PRC-9998-TRS-26-MAR-32336-BLACK(1).webp,https://newme.asia/product/black-solid-high-rise-wrap-pants
265,Light Grey Bootcut Trouser,₹729,https://assets.newme.asia/wp-content/uploads/2025/12/22073000972aa5b7/NM-IN-56-TRS-25-MAY-16636-DARKGREY(1).webp,https://newme.asia/product/light-grey-bootcut-trouser
266,Black Highrise Aline Midi Skirt,₹1089,https://assets.newme.asia/wp-content/uploads/2025/07/30141353b1b8dacc/NM-PRC-313-SKT-25-JUL-23416-BLACK(1).webp,https://newme.asia/product/black-highrise-aline-midi-skirt
267,Gold Imitation Circular Layered Necklace,₹199,https://assets.newme.asia/wp-content/uploads/2025/06/02192407cad35965/NM-PRC-217-NCK-25-FEB-2790-GOLD(1).webp,https://newme.asia/product/gold-imitation-circular-layered-necklace
268,Imitation Silver Rhinestone Choker Necklace,₹199,https://assets.newme.asia/wp-content/uploads/2025/05/1711225852a57001/NM-PRC-220-NCK-25-FEB-2609-SILVER(1).webp,https://newme.asia/product/silver-rhinestone-choker-necklace-2
269,Imitation Gold Sun Layered Necklace,₹249,https://assets.newme.asia/wp-content/uploads/2025/05/17111723e813dc7a/NM-PRC-217-NCK-25-FEB-2788-GOLD(1).webp,https://newme.asia/product/imitation-gold-sun-layered-necklace
270,Imitation Gold Star Layered Necklace,₹199,https://assets.newme.asia/wp-content/uploads/2025/05/17113038dae16175/NM-PRC-217-NCK-25-FEB-2834-GOLD(1).webp,https://newme.asia/product/imitation-gold-star-layered-necklace
271,Gold Imitation Star Layered Necklace,₹249,https://assets.newme.asia/wp-content/uploads/2025/06/02201136888f9668/NM-PRC-217-NCK-25-MAR-2996-GOLD(1).webp,https://newme.asia/product/gold-imitation-star-layered-necklace-2
272,Silver Imitation Tulip Pendant Necklace,₹199,https://assets.newme.asia/wp-content/uploads/2025/05/17113147be61ef52/NM-PRC-217-NCK-25-FEB-2852-SILVER(1).webp,https://newme.asia/product/silver-imitation-tulip-pendant-necklace
273,Imitation Gold Floral Statement Earrings,₹299,https://assets.newme.asia/wp-content/uploads/2025/06/0218154150e95ce9/NM-PRC-216-ERG-24-OCT-1159-GOLD(1).webp,https://newme.asia/product/gold-floral-statement-earrings-2
274,Imitation Golden Crystal Waist Chain,₹399,https://assets.newme.asia/wp-content/uploads/2025/07/29094404c67fd02a/NM-PRC-217-BCH-25-MAY-19220-GOLD(1).webp,https://newme.asia/product/imitation-golden-crystal-waist-chain
275,Gold Imitation Cross Pendant Necklace,₹199,https://assets.newme.asia/wp-content/uploads/2025/06/022011303ce6ea14/NM-PRC-217-NCK-25-MAR-2997-GOLD(1).webp,https://newme.asia/product/gold-imitation-cross-pendant-necklace
276,Imitation Gold Crescent Shaped Layered Necklace,₹249,https://assets.newme.asia/wp-content/uploads/2025/05/180904505a852d6b/NM-PRC-217-NCK-25-MAR-2927-GOLD(1).webp,https://newme.asia/product/imitation-gold-crescent-shaped-layered-necklace
277,Imitation Gold Bow Pendant Necklace,₹199,https://assets.newme.asia/wp-content/uploads/2025/05/180928032b6a2eec/NM-PRC-217-NCK-25-MAR-3046-GOLD(1).webp,https://newme.asia/product/imitation-gold-bow-pendant-necklace
278,Golden Flower Statement Jewellery Set,₹499,https://assets.newme.asia/wp-content/uploads/2025/11/201444099b21dcaa/NM-PRC-216-NCK-25-NOV-27208-GOLD(1).webp,https://newme.asia/product/golden-flower-statement-jewellery-set
279,Imitation Silver Circular Layered Necklace,₹199,https://assets.newme.asia/wp-content/uploads/2025/05/17112952b56ea737/NM-PRC-217-NCK-25-FEB-2825-SILVER(1).webp,https://newme.asia/product/imitation-silver-circular-layered-necklace
280,Gold Imitation Tulip Pendant Necklace,₹199,https://assets.newme.asia/wp-content/uploads/2025/05/171131532cd63a6d/NM-PRC-217-NCK-25-FEB-2853-GOLD(1).webp,https://newme.asia/product/gold-imitation-tulip-pendant-necklace
281,Golden Set Of 8 Earrings,₹249,https://assets.newme.asia/wp-content/uploads/2026/03/18135318ac028afb/NM-PRC-423-ERG-26-FEB-31405-GOLD(1).webp,https://newme.asia/product/golden-set-of-8-earrings
282,Golden Floral Ear-Cuff Earrings,₹299,https://assets.newme.asia/wp-content/uploads/2026/03/110952324a6bf8a7/NM-PRC-413-ERG-26-FEB-31259-GOLD(1).webp,https://newme.asia/product/golden-floral-ear-cuff-earrings
283,Silver Chic Hair Pin,₹249,https://assets.newme.asia/wp-content/uploads/2026/03/061041032d0dde1e/NM-PRC-424-HAC-26-MAR-31489-SILVER(1).webp,https://newme.asia/product/silver-chic-hair-pin
284,Imitation Golden Elegant Waist Chain,₹199,https://assets.newme.asia/wp-content/uploads/2025/08/20125043605dbaae/NM-PRC-220-BCH-25-JUN-19890-GOLD_(1).webp,https://newme.asia/product/imitation-golden-elegant-waist-chain
285,Imitation Sapphire Chic Pendant Necklace,₹199,https://assets.newme.asia/wp-content/uploads/2025/07/2118154167713c59/NM-PRC-217-NCK-25-MAY-18773-GOLD_(1).webp,https://newme.asia/product/imitation-sapphire-chic-pendant-necklace
286,Imitation Gold Tennis And Bangle Bracelet Set,₹349,https://assets.newme.asia/wp-content/uploads/2024/11/13141908f694bc45/NM-PRC-217-BRC-24-NOV-1480-GOLD(1).webp,https://newme.asia/product/gold-tennis-and-bangle-bracelet-set
287,Silver Imitation Cuff Bracelet,₹199,https://assets.newme.asia/wp-content/uploads/2025/06/0219270095b55962/NM-PRC-217-BRC-25-FEB-2709-SILVER(1).webp,https://newme.asia/product/silver-imitation-cuff-bracelet-2
288,Golden Set Of 10 Statement Rings,₹299,https://assets.newme.asia/wp-content/uploads/2026/01/0104064610cc8b1e/NM-PRC-413-RNG-25-DEC-29531-GOLD(1).webp,https://newme.asia/product/golden-set-of-10-statement-rings
289,Gold Imitation Evil Eye Layered Necklace,₹149,https://assets.newme.asia/wp-content/uploads/2025/07/21173458c68db648/NM-PRC-217-NCK-25-FEB-2792-GOLD(1).webp,https://newme.asia/product/gold-imitation-evil-eye-layered-necklace
290,Imitation Gold Sun Pendant Necklace,₹149,https://assets.newme.asia/wp-content/uploads/2025/05/17113135cc00417b/NM-PRC-217-NCK-25-FEB-2848-GOLD(1).webp,https://newme.asia/product/gold-sun-pendant-necklace-2
291,Golden Pearl Dainty Necklace,₹199,https://assets.newme.asia/wp-content/uploads/2026/03/26152340f33d3bc6/NM-PRC-423-NCK-26-MAR-32077-GOLD(1).webp,https://newme.asia/product/golden-pearl-dainty-necklace
292,Gold Imitation Beaded Layered Necklace,₹199,https://assets.newme.asia/wp-content/uploads/2025/06/02192411956f518a/NM-PRC-220-NCK-25-FEB-2608-GOLD(1).webp,https://newme.asia/product/gold-imitation-beaded-layered-necklace
293,Gold Imitation Moon Star Pendant Necklace,₹149,https://assets.newme.asia/wp-content/uploads/2025/05/171131599ec8e00b/NM-PRC-217-NCK-25-FEB-2855-GOLD(1).webp,https://newme.asia/product/gold-imitation-moon-star-pendant-necklace
294,Imitation Gold Chain Link Bracelet Set,₹399,https://assets.newme.asia/wp-content/uploads/2024/11/131413248b2f2f7f/NM-PRC-217-BRC-24-NOV-1465-GOLD(1).webp,https://newme.asia/product/gold-chain-link-bracelet-set
295,Golden Chic Hoop Earrings,₹149,https://assets.newme.asia/wp-content/uploads/2026/03/181353426904363c/NM-PRC-423-ERG-26-FEB-31409-GOLD(1).webp,https://newme.asia/product/golden-chic-hoop-earrings
296,Golden Set Of 6 Hoop Earrings,₹299,https://assets.newme.asia/wp-content/uploads/2026/03/17153657a35a4429/NM-PRC-423-ERG-26-FEB-31339-GOLD(1).webp,https://newme.asia/product/golden-set-of-6-hoop-earrings-2
